Rules,Campaign Type,Disable/ Enable Task,Filter ID,Filter:,Parent Task:,Task ID,Child Tasks,TAG TASKS,Schedule:,Notes:
General,Reg,Enable,411,Pro PPC Live Products,,,,,,
General,Reg,Enable,412,"Pro PPC Enabled Campaign, Ad Group, and KW",,,,,,
General,Reg,Enable,460,"Pro PPC Enabled Campaign, Ad Group, and Target",,,,,,
General,Reg,Enable,452,Pro PPC Enabled Campaign and Ad Group,,,,,,
General,Reg,Enable,474,Pro PPC Campaign Enabled,,,,,,
General,Reg,Enable,429,Pro PPC TKW Campaigns,,,,,,
General,Reg,Enable,527,Pro PPC Old Campaigns,,,,,,
General,Reg,Enable,531,Pro PPC New Campaign Tag,,,,,,
General,Reg,Enable,539,Pro PPC New Campaign Tag - Keywords,,,,,,
General,Reg,Enable,541,Pro PPC New Campaign Tag - Targets,,,,,,
General,Reg,Enable,544,Pro PPC New Campaign Tag - Campaings,,,,,,
General,Reg,Enable,546,Pro PPC New Campaign Tag - Search Term,,,,,,
General,Reg,Enable,532,Pro PPC High Priced Items,,,,,,
General,Reg,Enable,481,Pro PPC Ineligible Products,,,,,,
General,Reg,Enable,486,Pro PPC Campaign KW Count 150-400 (2),,,,,,
General,Reg,Enable,487,Pro PPC Campaign KW Count 401-599 (3),,,,,,
General,Reg,Enable,488,Pro PPC Campaign KW Count 600-1000 (4),,,,,,
General,Reg,Enable,565,Pro PPC Tag Paused Low Inventory,,,,,,
General,Reg,Enable,455,Pro PPC Keywords Tagged Lowered,,,,,,
General,Reg,Enable,484,Pro PPC Keywords Tagged Lowered (2),,,,,,
General,Reg,Enable,465,Pro PPC Targets Tagged Lowered,,,,,,
General,Reg,Enable,484,Pro PPC Targets Tagged Lowered (2),,,,,,
General,Reg,Enable,539,Pro PPC New Campaign Tag - Keywords,,,,,,
General,Reg,Enable,540,Pro PPC Not in New Campaign Tag List - Keywords,,,,,,
General,Reg,Enable,541,Pro PPC New Campaign Tag - Targets,,,,,,
General,Reg,Enable,542,Pro PPC Not in New Campaign Tag List - Targets,,,,,,
General,Reg,Enable,545,Pro PPC Not in New Campaign Tag List - Campaigns,,,,,,
General,Reg,Enable,546,Pro PPC New Campaign Tag - Search Terms,,,,,,
General,Reg,Enable,547,Pro PPC Not in New Campaign Tag List - Search Terms,,,,,,
General,Reg,Enable,472,Pro PPC Campaign With PL,,,,,,
General,Reg,Enable,591,Pro PPC Exclude Campaigns,,,,,,
General,Reg,Enable,595,Pro PPC Campaign Low Spent,,,,,,
General,Reg,Enable,609,Pro PPC Mixed Campaigns,,,,,,
General,Reg,Enable,629,Pro PPC Keyword Tags,,,,,,
General,Reg,Enable,632,Pro PPC Targets Tags,,,,,,
,,,,,,,,,,
New Campaigns,New ,Disable,,Can create filter with asins to open campaigns or just enter it in the task,Pro PPC Create Auto Campaigns Sample,547,,Add Tag New Campaign,,Reusable Task
New Campaigns,New ,Disable,458,Pro PPC Old Campaign Search Term Report,Pro PPC Create Manual Campaigns Sample,548,,Add Tag New Campaign,,Reusable Task
New Campaigns,New ,Disable,589,Pro PPC Old Campaign Asin Search Term Report ,Pro PPC Create Manual Campaigns Sample - Targets,558,,,,Reusable Task
New Campaigns,New ,Disable,,Enter Brand Name by Kw and enter the asins u want a campaign for,Pro PPC Create Brand Name Defense Campaigns Sample,634,"Negate Brand in Auto
Negate Brand in Manual",Tag New Campaign,,Reusable Task
New Campaigns,New ,Disable,,Enter Asins u wanna target and enter the asins u want a campaign for,Pro PPC Create PT Defense Campaigns Sample,637,"Negate Defense Targets in Auto
Negate Defense Targets in Manual
(Waiting for ad group option)",Add Tag New Campaign,,Reusable Task
,,,,,,,,,,
ST Report,Big DR,Enable,458,Pro PPC Old Campaign Search Term Report,Pro PPC Old Campaign Search Term Report,459,Negating in Broad and Phrase,Add New Keyword Tag," 09:00 AM, every 2 days, and on Monday, Wednesday, and Friday",
ST Report,Big DR,Enable,589,Pro PPC Old Campaign Asin Search Term Report ,Pro PPC Old Campaign Asin Search Term Report ,460,,Add New Target Tag," 09:00 AM, every 2 days, and on Monday, Wednesday, and Friday",
ST Report,Reg,Enable,479,Pro PPC Search Term Report,Pro PPC Search Term Report,102,Copy 1 of Pro PPC Negating in Broad and Phrase,Copy 1 of Add new tag,Weekly at 09:00 AM,
ST Report,New ,Enable,479,Pro PPC Search Term Report,Pro PPC Search Term Report - New,3,Pro PPC Negating in Broad and Phrase,"
Add new tag"," 09:00 AM, every 2 days, and on Monday, Wednesday, and Friday",
ST Report,Reg,Enable,480,Pro PPC Asin Search Term Report,Pro PPC Search Term Asin Report,103,,Copy of Add new target tag,Weekly at 09:00 AM,
ST Report,New ,Enable,480,Pro PPC Asin Search Term Report,Pro PPC Search Term Asin Report - New,4,,Add new target tag," 09:00 AM, every 2 days, and on Monday, Wednesday, and Friday",
,,,,,,,,,,
Boosting,Reg,Enable,"417
570","Pro PPC Boosting Kws without clicks
Pro PPC Boosting Kws without Clicks with or without Impressions",Pro PPC Boosting Kws without clicks,87,,,Monday at 09:00 AM,
Boosting,New ,Enable,"417
570","Pro PPC Boosting Kws without clicks
Pro PPC Boosting Kws without Clicks with or without Impressions",Pro PPC Boosting Kws without clicks - New,33,,,"09:00 AM Monday, Wednesday, and Friday",
Boosting,Reg,Enable,424,Pro PPC Boosting Kws Low Acos not OOB,Pro PPC Boosting Kws Low Acos not OOB,59,,Tag Raised,Monday at 09:00 AM,
Boosting,New ,Enable,424,Pro PPC Boosting Kws Low Acos not OOB,Pro PPC Boosting Kws Low Acos not OOB - New,5,,Tag Raised,"09:00 AM, only on Monday and Thursday",
Boosting,Big DR,Enable,493,Pro PPC Boosting Kws Low Acos not OOB - Lowered Keywords,Pro PPC Boosting Kws Low Acos not OOB - Lowered Keywords,53,,"Copy of Tag Raised
Copy of Remove New Keyword And Lowered Tags",Monday at 09:00 AM,
Boosting,Reg,Enable,"461
577
578","Pro PPC Boosting Targets without clicks
        Pro PPC Targets with Impressions
        Pro PPC Boosting Targets without Clicks with or without Impressions",Pro PPC Boosting Targets without clicks,88,,,Monday at 09:00 AM,
Boosting,New ,Enable,"461
577
578","Pro PPC Boosting Targets without clicks
	Pro PPC Targets with Impressions
	Pro PPC Boosting Targets without Clicks with or without Impressions",Pro PPC Boosting Targets without clicks - New,48,,,"09:00 AM Monday, Wednesday, and Friday",
Boosting,Reg,Enable,424,Pro PPC Boosting Targets Low Acos not OOB,Pro PPC Boosting Targets Low Acos not OOB,26,,Remove New Target And Lowered TagTag Raised - Targets,Monday at 09:00 AM,
Boosting,New ,Enable,424,Pro PPC Boosting Targets Low Acos not OOB,Pro PPC Boosting Targets Low Acos not OOB - New,283,,"Copy of Remove New Target And Lowered Tags
Copy 2 of Tag Raised","09:00 AM, only on Monday and Thursday",
Boosting,Big DR,Enable,559,Pro PPC Boosting Targets Low Acos not OOB - Lowered Keywords,Pro PPC Boosting Targets Low Acos not OOB - Lowered Keywords,286,,"Copy of Copy of Remove New Target And Lowered Tags
Copy of Copy of Tag Raised",Monday at 09:00 AM,
Boosting,New ,Disable,594,Pro PPC New Campaigns Low Spent Boost Kws No Clicks Stronger,Pro PPC New Campaigns Low Spent Boost Kws No Clicks Stronger,484,,,"One Time Task- Enable it manually when needed, adjust how much to boost and Pro PPC Campaign Low Spent - how much you consider low",Reusable Task
Boosting,New ,Disable,596,Pro PPC New Campaigns Low Spent Boost Targets No Clicks Stronger,Pro PPC New Campaigns Low Spent Boost Targets No Clicks Stronger,485,,,"One Time Task- Enable it manually when needed, adjust how much to boost and Pro PPC Campaign Low Spent - how much you consider low",Reusable Task
Boosting,New ,Disable,620,Pro PPC New Campaigns Low Spent Boost Auto No Clicks Stronger,Pro PPC New Campaigns Low Spent Boost Auto No Clicks Stronger,564,,,"One Time Task- Enable it manually when needed, adjust how much to boost and Pro PPC Campaign Low Spent - how much you consider low",Reusable Task
Boosting,Big DR,Disable,639,Pro PPC Boost Kws Low Acos Big DR,,,,,,Reusable Task
Boosting,Big DR,Disable,641,Pro PPC Boost Targets Low Acos Big DR,,,,,,Reusable Task
,,,,,,,,,,
Cleaning,Reg,Enable,421,Pro PPC Kws with high clicks and no sales with PL,Pro PPC Kws with high clicks and no sales with PL,95,,"Remove Raised And New Keyword Tags
Tag lowered (With PL)",Monday at 09:00 AM,
Cleaning,New ,Enable,421,Pro PPC Kws with high clicks and no sales with PL,Pro PPC Kws with high clicks and no sales with PL - New,2,,"Remove Raised And New Keyword Tags
Tag lowered (With PL)",Monday at 09:00 AM,
Cleaning,Reg,Enable,420,Pro PPC Kws with high clicks and no sales without PL,Pro PPC Kws with high clicks and no sales without PL,97,,"Remove Raised And New Keyword Tags
Tag lowered (With PL)",Monday at 09:00 AM,
Cleaning,New ,Enable,420,Pro PPC Kws with high clicks and no sales without PL,Pro PPC Kws with high clicks and no sales without PL - New,1,,"Remove Raised And New Keyword Tags
Tag lowered (With PL)",Monday at 09:00 AM,
Cleaning,Reg,Enable,534,Pro PPC Cleaning High Acos without PL - Keywords,Pro PPC Cleaning High Acos without PL - Keywords,78,,Remove Lowered - Temp Tag Remove Raised Tag (4)Add Tag Lowered (4),Monday at 09:00 AM,
Cleaning,New ,Enable,534,Pro PPC Cleaning High Acos without PL - Keywords,Pro PPC Cleaning High Acos without PL - Keywords - New,8,,Remove Lowered - Temp Tag Remove Raised Tag (4)Add Tag Lowered (4),Monday at 09:00 AM,
Cleaning,Reg,Enable,534,Pro PPC Cleaning High Acos with PL - Keywords,Pro PPC Cleaning High Acos with PL - Keywords,80,,"Remove Lowered - Temp Tag (5)Remove Raised Tag (6)Lower Again Keywords With Tag ""Lowered"" (4)",Monday at 09:00 AM,
Cleaning,New ,Enable,534,Pro PPC Cleaning High Acos with PL - Keywords,Pro PPC Cleaning High Acos with PL - Keywords - New,9,,"Remove Lowered - Temp Tag (5)Remove Raised Tag (6)Lower Again Keywords With Tag ""Lowered"" (4)",Monday at 09:00 AM,
Cleaning,Reg,Enable,435,Pro PPC Cleaning High Acos without PL Good Conversion - Keywords,Pro PPC Cleaning High Acos without PL Good Conversion - Keywords,82,,"Copy  of Remove Raised Tag (3)Copy  of Add Tag LoweredCopy  of Lower Again Keywords With Tag ""Lowered""",Monday at 09:00 AM,
Cleaning,New ,Enable,435,Pro PPC Cleaning High Acos without PL Good Conversion - Keywords,Pro PPC Cleaning High Acos without PL Good Conversion - Keywords - New,10,,"Copy  of Remove Raised Tag (3)Copy  of Add Tag LoweredCopy  of Lower Again Keywords With Tag ""Lowered""",Monday at 09:00 AM,
Cleaning,Reg,Enable,435,Pro PPC Cleaning High Acos with PL Good Conversion - Keywords,Pro PPC Cleaning High Acos with PL Good Conversion - Keywords,81,,"Copy of Remove Raised Tag (5)Copy of Add Tag Lowered (2)Copy of Lower Again Keywords With Tag ""Lowered"" (3)",Monday at 09:00 AM,
Cleaning,New ,Enable,435,Pro PPC Cleaning High Acos with PL Good Conversion - Keywords,Pro PPC Cleaning High Acos with PL Good Conversion - Keywords - New,11,,"Copy of Remove Raised Tag (5)Copy of Add Tag Lowered (2)Copy of Lower Again Keywords With Tag ""Lowered"" (3)",Monday at 09:00 AM,
Cleaning,Reg,Enable,466,Pro PPC Targets with high clicks and no sales with PL,Pro PPC Targets with high clicks and no sales with PL,91,,Copy of Remove Raised And New Target Tags (4)Copy of Tag lowered (4),Monday at 09:00 AM,
Cleaning,New ,Enable,466,Pro PPC Targets with high clicks and no sales with PL,Pro PPC Targets with high clicks and no sales with PL - New,73,,Copy of Remove Raised And New Target Tags (4)Copy of Tag lowered (4),Monday at 09:00 AM,
Cleaning,Reg,Enable,466,Pro PPC Targets with high clicks and no sales without PL,Pro PPC Targets with high clicks and no sales without PL,92,,Copy of Remove Raised And New Target Tags (2)Copy of Tag lowered (2),Monday at 09:00 AM,
Cleaning,New ,Enable,466,Pro PPC Targets with high clicks and no sales without PL,Pro PPC Targets with high clicks and no sales without PL - New,27,,Copy of Remove Raised And New Target Tags (2)Copy of Tag lowered (2),Monday at 09:00 AM,
Cleaning,Reg,Enable,467,Pro PPC Cleaning High Acos with PL - Targets,Pro PPC Cleaning High Acos with PL - Targets,84,,"Copy of Remove Raised And New Target Tags (3)Copy of Add Tag Lowered (6)Copy of Lower Again Targets With Tag ""Lowered""",Monday at 09:00 AM,
Cleaning,New ,Enable,467,Pro PPC Cleaning High Acos with PL - Targets,Pro PPC Cleaning High Acos with PL - Targets - New,30,,"Copy of Remove Raised And New Target Tags (3)Copy of Add Tag Lowered (6)Copy of Lower Again Targets With Tag ""Lowered""",Monday at 09:00 AM,
Cleaning,Reg,Enable,467,Pro PPC Cleaning High Acos without PL - Targets,Pro PPC Cleaning High Acos without PL - Targets,83,,"Lower Again Targets With Tag ""Lowered"" (1)Add Tag Lowered (5)Remove Raised Tag (7)",Monday at 09:00 AM,
Cleaning,New ,Enable,467,Pro PPC Cleaning High Acos without PL - Targets,Pro PPC Cleaning High Acos without PL - Targets - New,29,,"Lower Again Targets With Tag ""Lowered"" (1)Add Tag Lowered (5)Remove Raised Tag (7)",Monday at 09:00 AM,
Cleaning,Reg,Enable,469,Pro PPC Cleaning High Acos without PL Good Conversion - Targets,Pro PPC Cleaning High Acos without PL Good Conversion - Targets,86,,"Lower Again Targets With Tag ""Lowered"" (2)Add Tag Lowered (8)Remove Raised And New Target Tag (1)",Monday at 09:00 AM,
Cleaning,New ,Enable,469,Pro PPC Cleaning High Acos without PL Good Conversion - Targets,Pro PPC Cleaning High Acos without PL Good Conversion - Targets - New,32,,"Lower Again Targets With Tag ""Lowered"" (2)Add Tag Lowered (8)Remove Raised And New Target Tag (1)
Remove Lowered - Temp Tag",Monday at 09:00 AM,
Cleaning,Reg,Enable,469,Pro PPC Cleaning High Acos with PL Good Conversion - Targets,Pro PPC Cleaning High Acos with PL Good Conversion - Targets,85,,"Lower Again Targets With Tag ""Lowered"" (3)Add Tag Lowered (7)Remove Raised And New Target Tag",Monday at 09:00 AM,
Cleaning,New ,Enable,469,Pro PPC Cleaning High Acos with PL Good Conversion - Targets,Pro PPC Cleaning High Acos with PL Good Conversion - Targets - New,31,,"Lower Again Targets With Tag ""Lowered"" (3)Add Tag Lowered (7)Remove Raised And New Target Tag",Monday at 09:00 AM,
Cleaning,Reg,Enable,469,Pro PPC Cleaning High Acos without PL - Targets,Pro PPC Cleaning High Acos without PL - Targets,83,,"Copy of Remove Raised Tag (7)
Copy of Add Tag Lowered (5)
Copy of Lower Again Targets With Tag ""Lowered"" (1)",Monday at 09:00 AM,
Cleaning,Big DR,Enable,593,Pro PPC Kws with high clicks and no sales - Big DR,Pro PPC Kws with high clicks and no sales - Big DR,479,65 Day DR Check for High Clicks,"Copy of Copy of Remove Raised And New Keyword Tags (2)
Copy of Copy of Tag lowered",Monday at 09:00 AM,
Cleaning,Big DR,Enable,613,Pro PPC Targets with high clicks and no sales - Big DR,Pro PPC Targets with high clicks and no sales - Big DR,520,Copy of 65 Day DR Check for High Clicks,"Copy of Copy of Copy of Remove Raised And New Keyword Tags (2)
Copy of Copy of Copy of Tag lowered",Monday at 09:00 AM,
Cleaning,Reg,Disable,599,Pro PPC OOB High Acos Kws Lower Strong,Pro PPC OOB High Acos Kws Lower Strong,501,,"Add Tag Lowered
Remove Tag Raised or New",,Reusable Task
Cleaning,Reg,Disable,600,Pro PPC OOB High Acos Targets Lower Strong,Pro PPC OOB High Acos Targets Lower Strong,503,,"Copy 1 of Add Tag Lowered
Remove tag raised or new targets",,Reusable Task
Cleaning,Reg,Enable,603,Pro PPC OOB High Acos Kws Lower Another 10 Cents,Pro PPC OOB High Acos Kws Lower Another 10 Cents,529,,"Add Tag Lowered
Remove Raised and New Kw Tag",,Reusable Task
Cleaning,Reg,Enable,604,Pro PPC OOB High Acos Kws Lower Another 10 Cents,Pro PPC OOB High Acos Kws Lower Another 10 Cents,532,,"Copy 4 of Add Tag Lowered
Remove Raised and New Target Tag",,Reusable Task
Cleaning,Big DR,Disable,640,Pro PPC Cleaning Kws High Acos Big DR,,,,,,Reusable Task
Cleaning,Big DR,Disable,642,Pro PPC Cleaning Targets High Acos Big DR,,,,,,Reusable Task
,,,,,,,,,,
Auto,Reg,Enable,444,Pro PPC Auto Cleaning,Pro PPC Auto Cleaning,93,,,Monday at 09:00 AM,
Auto,New ,Enable,444,Pro PPC Auto Cleaning,Pro PPC Auto Cleaning - New,13,,,Monday at 09:00 AM,
Auto,Reg,Enable,443,Pro PPC Auto Boosting,Pro PPC Auto Boosting,94,,,Monday at 09:00 AM,
Auto,New ,Enable,443,Pro PPC Auto Boosting,Pro PPC Auto Boosting - New,12,,,Monday at 09:00 AM,
Auto,Reg,Enable,644,Pro PPC Auto Boosting Low Spent Stronger,Pro PPC Auto Boosting Low Spent Stronger,694,,,,
Auto,Reg,Enable,442,Pro PPC Auto Negating Search Terms,Pro PPC Auto Negating Search Terms,14,,Tag Negated,Monday at 09:00 AM,
Auto,Reg,Enable,453,Pro PPC Auto Negating Asin Search Terms,Pro PPC Auto Negating Asin Search Terms,50,,Add Tag Negated,Monday at 09:00 AM,
Auto,Reg,Enable,498,Pro PPC Notify Auto Targets 50 clicks and no sales,Pro PPC Notify Auto Targets 50 clicks and no sales,54,,,Monday at 09:00 AM,
,,,,,,,,,,
PL,Reg,Disable,513,Pro PPC Raise PP Placements Low Acos (2),Pro PPC Raise PP Placements Low Acos,37,,, Weekly at 09:00 AM,
PL,Reg,Disable,513,Pro PPC Raise TOS Placements Low Acos (2),Pro PPC Raise TOS Placements Low Acos,38,,, Weekly at 09:00 AM,
PL,Reg,Disable,513,Pro PPC Raise PP Placements Good Acos (2),Pro PPC Raise PP Placements Good Acos,23,,, Weekly at 09:00 AM,
PL,Reg,Disable,513,Pro PPC Raise TOS Placements Good Acos (2),Pro PPC Raise TOS Placements Good Acos,16,,, Weekly at 09:00 AM,
PL,Reg,Disable,"550
476","Pro PPC Raise ROS Placements Good Acos (2)
>Pro PPC Raise ROS Placements Good Acos",Pro PPC Raise ROS Placements Good Acos,106,,Raised ROS PlacementLowered ROS Placement Copy of Add tag raisedCopy of Remove lowered tag, Weekly at 09:00 AM,
PL,Reg,Disable,476,Pro PPC Raise TOS Placements Low Acos,Pro PPC Raise TOS Placements Low Acos,38,,,,
PL,Reg,Disable,476,Pro PPC Raise PP Placements Low Acos,Pro PPC Raise PP Placements Low Acos,37,,,,
PL,Reg,Disable,"476
514","Pro PPC Lower TOS Placements high acos
> 	Pro PPC Lower TOS Placements high acos (2)",Pro PPC Lower TOS Placements High Acos,17,,Remove Raised TagAdd tag lowered placement, Weekly at 09:00 AM,
PL,Reg,Disable,"550
476","Pro PPC Lower PP Placements high acos
> Pro PPC Lower PP Placements high acos (2)",Pro PPC Lower PP Placements High Acos,22,,Remove Raised PP TagAdd Tag Lowered PP Placement (2), Weekly at 09:00 AM,
PL,Reg,Disable,"476
514","Pro PPC Remove TOS Placements
> Pro PPC Remove TOS Placements (2)",Pro PPC Remove TOS Placements,19,,Remove Raised And Lowered TagsAdd tag removed tos placement, Weekly at 09:00 AM,
PL,Reg,Disable,450,Pro PPC Remove PL from Campaign Name,,,,,,
PL,Reg,Disable,451,Pro PPC Remove PP Placements,Pro PPC Remove PP Placements,20,,Remove Lowered and Raised PP TagAdd Tag Removed PP Placement, Weekly at 09:00 AM,
PL,Reg,Disable,456,Pro PPC Lower TOS Placements very high acos,Pro PPC Lower TOS Placements Very High Acos,18,,Remove Raised Tag (2)Add tag lowered placement (2), Weekly at 09:00 AM,
PL,Reg,Disable,456,Pro PPC Lower PP Placements very high acos,Pro PPC Lower PP Placements Very High Acos,21,,Remove Raised PP Tag (2)Add Tag Lowered PP Placement, Weekly at 09:00 AM,
PL,Reg,Disable,"445
516","Pro PPC Raise TOS Placements Good Acos
> Pro PPC Raise TOS Placements Good Acos (2)",Pro PPC Raise TOS Placements Good Acos,16,,Lowered TOS PlacementRaised TOS Placement Add tag raisedRemove lowered tag, Weekly at 09:00 AM,
PL,Reg,Disable,"445
516","        Pro PPC Raise PP Placements Good Acos
> Pro PPC Raise PP Placements Good Acos (2)",Pro PPC Raise PP Placements Good Acos,23,,"Lowered PP PlacementRaised PP Placement,Raised PP Placement Remove Lowered PP TagAdd Tag Raised PP Placement", Weekly at 09:00 AM,
PL,Reg,Disable,"473
492","Pro PPC Add Placements TOS
Pro PPC Add Placements TOS (2)",Pro PPC Add Placements TOS,34,,Pro PPC Add Tag Placements (2), Weekly at 09:00 AM,
PL,Reg,Disable,475,Pro PPC Add Placements PP,Pro PPC Add Placements PP,35,,Pro PPC Add Tag Placements (2), Weekly at 09:00 AM,
PL,Reg,Disable,489,Pro PPC Add Placements ROS,,,,,,
PL,Reg,Disable,491,Pro PPC Add Placements PP (2),Pro PPC Add Placements PP,35,,, Weekly at 09:00 AM,
PL,Reg,Disable,499,Pro PPC Removed Placements,,,,,,
PL,Reg,Disable,500,Pro PPC Removed Placements - Keywords,,,,,,
PL,Reg,Disable,501,Pro PPC Removed Placements - Targets,,,,,,
PL,Reg,Disable,507,Pro PPC Lower TOS Placements high acos (2),Pro PPC Lower TOS Placements high acos,17,,, Weekly at 09:00 AM,
PL,Reg,Disable,508,Pro PPC Lower PP Placements high acos (2),Pro PPC Lower PP Placements high acos,22,,, Weekly at 09:00 AM,
PL,Reg,Disable,509,Pro PPC Lower PP Placements very high acos (2),Pro PPC Lower PP Placements Very High Acos,21,,, Weekly at 09:00 AM,
PL,Reg,Disable,510,Pro PPC Lower TOS Placements very high acos (2),Pro PPC Lower TOS Placements Very High Acos,18,,, Weekly at 09:00 AM,
PL,Reg,Disable,511,Pro PPC Remove PP Placements (2),Pro PPC Remove PP Placements,20,,, Weekly at 09:00 AM,
PL,Reg,Disable,512,Pro PPC Remove TOS Placements (2),Pro PPC Remove TOS Placements,19,,, Weekly at 09:00 AM,
PL,Reg,Disable,"548
489","Pro PPC Add Placements ROS (2)
>Pro PPC Add Placements ROS",Pro PPC Add Placements ROS,105,,, Weekly at 09:00 AM,
PL,Reg,Disable,"552
551","Pro PPC Lower ROS Placements high acos (2)
> Pro PPC Lower ROS Placements high acos",Pro PPC Lower ROS Placements high acos,107,,Lowered ROS PlacementRaised ROS Placement Copy of Add tag lowered placementCopy of Remove Raised Tag, Weekly at 09:00 AM,
PL,Reg,Disable,"554
553","Pro PPC Lower ROS Placements very high acos (2)
> Pro PPC Lower ROS Placements very high acos",Pro PPC Lower ROS Placements very high acos,108,,, Weekly at 09:00 AM,
PL,Reg,Disable,"556
555","Pro PPC Remove ROS Placements (2) 
> Pro PPC Remove ROS Placements",Pro PPC Remove ROS Placements,109,,"Removed ROS PlacementsLowered ROS Placement,Lowered ROS Placement,Raised ROS Placement,Lowered ROS Placement,Lowered ROS Placement,Lowered ROS Placement,Lowered ROS Placement,Raised ROS Placement Add tag removed Ros placementCopy of Remove Raised And Lowered Tags", Weekly at 09:00 AM,
PL,Reg,Disable,500,Pro PPC Removed Placements - Keywords,Pro PPC Removed Placements - Keywords,55,,,Weekly at 11:00 AM,
,,,,,,,,,,
Budget,Reg,Disable,502,Pro PPC Raise Campaign Budgets $100-$500,Pro PPC Raise Campaign Budgets $100-$500,99,,,Weekly at 09:00 AM,
Budget,New ,Disable,502,Pro PPC Raise Campaign Budgets $100-$500,Pro PPC Raise Campaign Budgets $100-$500 - New,56,,,"  09:00 AM, only on Monday and Thursday",
Budget,Reg,Disable,503,Pro PPC Raise Campaign Budgets more than $500,Pro PPC Raise Campaign Budgets more than $500,100,Copy of Pro PPC Notify Campaign Budgets more than $1000,, Weekly at 09:00 AM,
Budget,New ,Disable,503,Pro PPC Raise Campaign Budgets more than $500,Pro PPC Raise Campaign Budgets more than $500 - New,57,Pro PPC Notify Campaign Budgets more than $1000,,"  09:00 AM, only on Monday and Thursday",
Budget,Reg,Disable,490,Pro PPC Raise Campaign Budgets up to $100,Pro PPC Raise Campaign Budgets up to $100,98,,, Weekly at 09:00 AM,
Budget,New ,Disable,490,Pro PPC Raise Campaign Budgets up to $100,Pro PPC Raise Campaign Budgets up to $100 - New,49,Notify Raised Budget,," 09:00 AM, only on Monday and Thursday",
Budget,Reg,Enable,615,Pro PPC Lower Old Campaign Budgets,Pro PPC Lower Old Campaign Budgets,542,,,,Reusable Task
,,,,,,,,,,
Pausing,Reg,Enable,528,Pro PPC Pause Kws Old Campaigns 7 day DR,Pro PPC Pause Kws Old Campaigns 7 day DR,70,,,Monday at 09:00 AM,
Pausing,Big DR,Enable,529,Pro PPC Pause Kws Old Campaigns 65 day DR,Pro PPC Pause Kws Old Campaigns 65 day DR,72,,Add Tag Old Campaign,,Reusable Task- Only use once when taking over an old campaign
Pausing,Reg,Enable,611,Pro PPC Pause Targets Old Campaigns 7 day DR,Pro PPC Pause Targets Old Campaigns 7 day DR,518,,,,
Pausing,Big DR,Enable,612,Pro PPC Pause Targets Old Campaigns 65 day DR,Pro PPC Pause Targets Old Campaigns 65 day DR,519,,,,Reusable Task- Only use once when taking over an old campaign
Pausing,Reg,Enable,608,Pro PPC Pause Kws Mixed Campaigns 7 day DR,Pro PPC Pause Kws Mixed Campaigns 7 day DR,514,,,,
Pausing,Reg,Enable,610,Pro PPC Pause Targets Mixed Campaigns 7 day DR,Pro PPC Pause Targets Mixed Campaigns 7 day DR,517,,,,
Pausing,Reg,Enable,422,Pro PPC Pause Kws with more than 30 clicks and no sales,Pro PPC Pause Kws with more than 30 clicks and no sales,90,"Pause (Kws with more than 30 clicks and no sales)
 Archive (Kws with more than 30 clicks and no sales)",Add Tag Paused 0.02,Monday at 09:00 AM,
Pausing,New ,Enable,422,Pro PPC Pause Kws with more than 30 clicks and no sales,Pro PPC Pause Kws with more than 30 clicks and no sales - New,46,"Pause (Kws with more than 30 clicks and no sales)
Archive (Kws with more than 30 clicks and no sales)",Add Tag Paused 0.02,Monday at 09:00 AM,
Pausing,Reg,Enable,464,Pro PPC Pause Targets with more than 30 clicks and no sales,Pro PPC Pause Targets with more than 30 clicks and no sales,89,Copy of Pause (Targets with more than 30 clicks and no sales)Copy of Archive (Targets with more than 30 clicks and no sales)Copy of Add Tag Paused 0.02 (2),,Monday at 09:00 AM,
Pausing,New ,Enable,464,Pro PPC Pause Targets with more than 30 clicks and no sales,Pro PPC Pause Targets with more than 30 clicks and no sales - New,47,Copy of Pause (Targets with more than 30 clicks and no sales)Copy of Archive (Targets with more than 30 clicks and no sales)Copy of Add Tag Paused 0.02 (2),,Monday at 09:00 AM,
Pausing,Reg,Enable,517,Pro PPC Pause High Organic Position,Pro PPC Pause High Organic Position,61,,,,This needs the crawlers to work
Pausing,Reg,Enable,560,Pro PPC Pause High Organic Position 1,Need to add task,,,,,This needs the crawlers to work
Pausing,Reg,Enable,571,Pro PPC Pause Old Campaigns,Pro PPC Pause Old Campaigns,415,,,Sun-Fri at 09:00 AM,
Pausing,Reg,Enable,635,Pro PPC Pause Old Campaigns High Acos ,Pro PPC Pause Old Campaigns High Acos ,641,,,,
Pausing,Reg,Enable,614,Pro PPC Pause Old Campaign Ad Groups,Pro PPC Pause Old Campaign Ad Groups,541,,,Sun-Fri at 09:00 AM,
Pausing,Reg,Enable,563,Pro PPC Pause Low Inventory,Pro PPC Pause Low Inventory,402,Notify Pause Low Inventory,"Add Tag Paused Low Inventory 
",,"See related task ""Pro PPC Notify Campaign Low Inventory High Acos"""
Pausing,Big DR,Disable,422,Pro PPC Pause Kws with more than 30 clicks and no sales,Pro PPC Pause Kws with more than 30 clicks and no sales - 3 Month DR,486,Put to .02 bid,Add Tag Paused .02,,Reusable Task
Pausing,Big DR,Disable,464,Pro PPC Pause Targets with more than 30 clicks and no sales,Pro PPC Pause Targets with more than 30 clicks and no sales - 3 Month DR,487,Put to .02 bid Target,Add Tag Paused 0.02,,Reusable Task
Pausing,Big DR,Enable,422,Pro PPC Pause Kws with more than 30 clicks and no sales,Pro PPC Pause Kws with more than 30 clicks and no sales - Lifetime Archive,488,,Add Tag Archived,,monday 9am
Pausing,Big DR,Enable,464,Pro PPC Pause Targets with more than 30 clicks and no sales,Pro PPC Pause Targets with more than 30 clicks and no sales - Lifetime Archive,489,,Add Tag Archived (Targets),,
,,,,,,,,,,
Resuming,Reg,Disable,519,Pro PPC Resume Dropped Organic Position,Pro PPC Resume Dropped Organic Position,62,,Remove Tag High Organic Position," Every hour, only on Sunday, Tuesday, Monday, Wednesday, Thursday, and Frida",This needs the crawlers to work
Resuming,Reg,Disable,461,Pro PPC Resume Dropped Organic Position 1	,Need to add task,,,,,This needs the crawlers to work
,,,,,,,,,,
TAG,Reg,Enable,425,Pro PPC Tag Kws Low or Good Acos,Pro PPC Tag Kws Low or Good Acos,6,,,,
TAG,Reg,Enable,459,Pro PPC Tag Targets Low or Good Acos,Pro PPC Tag Targets Low or Good Acos,25,,,,
TAG,Reg,Enable,482,Pro PPC Add Product PA Tag,Pro PPC Add Product PA Tag,40,,,,
TAG,Reg,Enable,574,"Pro PPC Bid ending 1 & 6
Pro PPC Bid ending 1 & 6 PA Portfolios",Add Tag Raised to Bid Ending 6/1,368,,,,Onboarding Task
TAG,Reg,Enable,575,"Pro PPC Bid ending  4 & 9
Pro PPC Bid ending 4 & 9 PA Portfolios",Add Tag Lowered to Bid Ending 4/9,369,,,,Onboarding Task
TAG,Reg,Enable,576,"Pro PPC Bid ending  0 & 5
Pro PPC Bid ending 0 & 5 PA Portfolios",Add Tag New to Bid Ending 0/5,370,,,,Onboarding Task
TAG,Reg,Enable,582,Pro PPC Bid ending 1 & 6 Targets,Add Tag Raised to Bid Ending 6/1 Targets,428,,,,Onboarding Task
TAG,Reg,Enable,583,Pro PPC Bid ending 4 & 9 Targets,Add Tag Lowered to Bid Ending 4/9 Targets,426,,,,Onboarding Task
TAG,Reg,Enable,581,Pro PPC Bid ending 0 & 5 Targets,Add Tag New to Bid Ending 0/5 Targets,427,,,,Onboarding Task
TAG,Reg,Disable,520,Pro PPC OOS Products (2),Add tag Notified OOS 2,64,,Remove tag Notified OOS 2,,
TAG,Reg,Disable,486,"Pro PPC Campaign KW Count 50-150 (2)
       
",Pro PPC Campaign KW Count 50-150 (2),42,,"Notify Add Tag To Auto Campaign (2)
Remove Tags (3) and (4)",,Run before ST report. Did each number x3 since it add all ad groups together.
TAG,Reg,Disable,487,Pro PPC Campaign KW Count 151-399 (3),Pro PPC Campaign KW Count 151-399 (3),569,,"Notify Add Tag To Auto Campaign (3)
Remove Tags (2) and (4)",,Run before ST report. Did each number x3 since it add all ad groups together.
TAG,Reg,Disable,488,Pro PPC Campaign KW Count 400-1000 (4),Pro PPC Campaign KW Count 400-1000 (4),571,,"Notify Add Tag To Auto Campaign (4)
Remove Tags (2) and (3)",,Run before ST report. Did each number x3 since it add all ad groups together.
TAG,Reg,Disable,472,Pro PPC Campaign With PL,Pro PPC Add Tag PL,36,,,,
TAG,Reg,Disable,597,Pro PPC Add Tag Dynamic Bids Up and Down,Pro PPC Add Tag Dynamic Bids Up and Down,494,,,,Onboarding Task
TAG,Reg,Disable,598,Pro PPC Add Tag Fixed Bids,Pro PPC Add Tag Fixed Bids,495,,,,Onboarding Task
TAG,Reg,Disable,629,Pro PPC Keyword Tags,Pro PPC Remove Keyword Tags,626,,,,Reusable Task
TAG,Reg,Disable,632,Pro PPC Targets Tags,Pro PPC Remove Target Tags,627,,,,Reusable Task
TAG,New ,Disable,,Account Initial Setup,Pro PPC Campaign KW Count 50-150 Tag 2,605,,,,Onboarding
,,,,,Notify Add Tag To Auto Campaign Tag 2,606,,,,
,,,,,Pro PPC Campaign KW Count 151-399 Tag 3,607,,,,
,,,,,Notify Add Tag To Auto Campaign Tag 3,608,,,,
,,,,,Pro PPC Campaign KW Count 400-1000 Tag 4,609,,,,
,,,,,Notify Add Tag To Auto Campaign Tag 4,610,,,,
,,,,,Add Tag 600 plus Kws,611,,,,
,,,,,Pro PPC Notify Campaign Kw Count 600 Plus,612,,,,
,,,,,Pro PPC Add Tag Dynamic Bids Up and Down,613,,,,
,,,,,Pro PPC Add Tag Fixed Bids,614,,,,
,,,,,Pro PPC Add Tag PL,615,,,,
,,,,,Add Tag New to Bid Ending 0/5 kw,616,,,,
,,,,,Add Tag New to Bid Ending 0/5 Target,617,,,,
,,,,,Add Tag Raised to Bid Ending 6/1 kw,618,,,,
,,,,,Add Tag Raised to Bid Ending 6/1 Target,619,,,,
,,,,,Add Tag Lowered to Bid Ending 4/9 kw,620,,,,
,,,,,Add Tag Lowered to Bid Ending 4/9 Target,621,,,,
,,,,,,,,,,
Notify,Reg,Enable,578,Pro PPC Notify for Add PL when Tag Removed,Pro PPC Notify for Add PL when Tag Removed,39,,,,
Notify,Reg,Enable,524,Pro PPC Notify High Acos OOB Campaigns Child Task,Pro PPC Notify High Acos OOB Campaigns - Child,206,,,Mon-Thur at 09:00 AM,
Notify,Reg,Enable,525,Pro PPC Notify High Acos OOB Campaigns Parent task,Pro PPC Notify High Acos OOB Campaigns,67,,,Mon-Thur at 09:00 AM,
Notify,Reg,Enable,587,Pro PPC Notify Good Acos OOB Campaigns,Pro PPC Notify Good Acos OOB Campaigns,448,,,Mon-Thur at 09:00 AM,
Notify,Reg,Enable,526,Pro PPC Notify Campaigns in Advertiser Pro Portfolio,Pro PPC Notify Campaigns in Advertiser Pro Portfolio,69,,,Mon-Thur at 09:00 AM,
Notify,Reg,Enable,538,Pro PPC Notify High Acos Campaign,Pro PPC Notify High Acos Campaign,77,,,Mon 09:00 AM,
Notify,Reg,Enable,506,Pro PPC Notify OOS Products,Pro PPC Notify OOS Products,478,,Add Tag Notified OOS,Mon-Thur at 09:00 AM,
Notify,Reg,Enable,623,Pro PPC Notify Back in Stock Products,Pro PPC Notify Back in Stock Products,565,,Remove Tag Notified OOS,Mon-Thur at 09:00 AM,
Notify,Reg,Enable,504,Pro PPC Raise Campaign Budgets - Notify,Pro PPC Raise Campaign Budgets - Notify,58,,,Mon-Thur at 09:00 AM,
Notify,Reg,Enable,564,Pro PPC Low Inventory High Acos,Pro PPC Notify Campaign Low Inventory High Acos,406,,,Mon-Thur at 09:00 AM,
Notify,Reg,Enable,586,Pro PPC Notify No Target BE Acos,Pro PPC Notify No Target BE Acos,445,,,Mon-Thur at 09:00 AM,
Notify,Reg,Enable,588,Pro PPC Notify No Unique ID FBA Skus,Pro PPC Notify No Unique ID FBA Skus,458,,"Add Tag Notified No UID
Remove Tag Notified No UID",,
Notify,New ,Disable,531,Pro PPC New Campaign Tag,Pro PPC Notify New Campaign 2 Weeks,41,,,,
Notify,Reg,Enable,488,Pro PPC Notify Campaign Kw Count 600+,Pro PPC Notify Campaign Kw Count 600+,543,,Add Tag 600+ Kws,Mon 09:00 AM,
Notify,Reg,Enable,472,Pro PPC Notify Ad Group Negative Keywords,Pro PPC Notify Ad Group Negative Keywords,416,,,,Reusable Task
Notify,Reg,Disable,422,Pro PPC Pause Kws with more than 30 clicks and no sales,Pro PPC Pause Kws with more than 30 clicks and no sales - Notify,559,,,,
Notify,Reg,Disable,464,Pro PPC Pause Targets with more than 30 clicks and no sales,Pro PPC Pause Targets with more than 30 clicks and no sales - Notify,75,,,,
Notify,Reg,Disable,626,Pro PPC Notify Campaign Low Kw Count,Pro PPC Notify Campaign Low Kw Count,593,,,,Reusable. Run this task right after Old campaign ST report. Then add list of campaigns to the Old campaign ST report and change number of orders to 1
,,,643,Pro PPC Notify Payment Failure,,,,,,
,,,,,,,,,,
Refresh,Reg,Disable,"522
523","Pro PPC Refresh Product Ads
Pro PPC Refresh Product Ads (2)",Pro PPC Refresh Product Ads,66,,,,
,,,,,,,,,,
Day Parting,Reg,Enable,566,Pro PPC Day Parting Pause Campaigns,Pro PPC Day Parting Pause Campaigns,409,,Add Tag Day Parting Paused ,,
Day Parting,Reg,Enable,568,Pro PPC Day Parting Resume Campaigns,Pro PPC Day Parting Resume Campaigns,411,,Remove Tag Day Parting Paused,,
,,,,,,,,,,
,,Enable,573,Pro PPC Rename Old Campaigns To TKW,,,,,,
,,Enable,,,,,,,,
,,Enable,,,,,,,,
,,Enable,,,,,,,,
,,,,,,,,,,
,,,,BIG DR,Type,,,,,
,,,,Pro PPC Old Campaign Search Term Report,Search Term Report,,,,,
,,,,Pro PPC Old Campaign Asin Search Term Report,Search Term Report,,,,,
,,,,Pro PPC Boosting Kws Low Acos not OOB - Lowered Keywords,Boosting,,,,,
,,,,Pro PPC Boosting Targets Low Acos not OOB - Lowered Keywords,Boosting,,,,,
,,,,Pro PPC Kws with high clicks and no sales - Big DR,Cleaning,,,,,
,,,,Pro PPC Targets with high clicks and no sales - Big DR,Cleaning,,,,,
,,,,Pro PPC Pause Kws Old Campaigns 65 day DR,Pausing,,,,,
,,,,Pro PPC Pause Targets Old Campaigns 65 day DR,Pausing,,,,,
,,,,Pro PPC Pause Kws with more than 30 clicks and no sales - 3 Month DR,Pausing,,,,,
,,,,Pro PPC Pause Targets with more than 30 clicks and no sales - 3 Month DR,Pausing,,,,,
,,,,Pro PPC Pause Kws with more than 30 clicks and no sales - Lifetime Archive,Pausing,,,,,
,,,,Pro PPC Pause Targets with more than 30 clicks and no sales - Lifetime Archive,Pausing,,,,,
,,,,,,,,,,
,,,,,,,,,,
,,,DR one month,Good and low Acos lowered bid - raise above CPC,Big diff or small diff rule btw bid and cpc,add tag raised,Have rule on week dr,"big diff- 25 cents or more, go .15 above cpc/bid",,
,,Combine with rule above on week dr?,DR one month,(Good and) low Acos raised bid - raise above cpc,Big diff or small diff rule btw bid and cpc,,,,,
,,No such thing new tag with acos,DR one month,Good and low Acos new bid - raise above cpc,Big diff or small diff rule btw bid and cpc,add tag raised,,,,
,,,DR one month,High Acos lowered bid - (check if lowered enough on a week DR and then lower more on a week DR below whichever is lower,,,,,,
,,,DR one month,High Acos Raised bid - check if lowered enogh on a week DR and then lower more on a week DR below whichever is lower,,add tag lowered,,,,
,,,DR one month,High Acos new bid - lower on a week DR below the CPc/ whichever is lower,,add tag lowered,,,,
,,,DR one month,"if PL same rules, go according to bid instead  of CPC",,,,,,
,,Skip for now,DR one month,"Paused KWs. check if good Acos=5% above target,  on big DR with over 2 orders with 10% conversion",,,,,,
,,,,,,,,,,
,,,,,,,,,,
,,,Reusable,"when BE acos gets updated, follow big DR rules",,,,,,
,,,Reusable,"when comes back in stock and enabled, follow big DR rules",,,,,,
,,,,,,,,,,
,,,,,,,,,,
,,,,Pro PPC Boost Kws Low Acos Big DR,DR- every 2 weeks on 30 day dr,Boost 5 cents above the bid,,,,
,,,,Pro PPC Cleaning Kws High Acos Big DR,DR- every 2 weeks on 30 day dr,Boost 5 cents above the bid,,,,
,,,,Pro PPC Boost Targets Low Acos Big DR,DR- every 2 weeks on 30 day dr,lower 5 cents above the bid,,,,
,,,,Pro PPC Cleaning Targets High Acos Big DR,DR- every 2 weeks on 30 day dr,Lower 5 cents above the bid,,,,
